Eixo;Cargo;UF;Candidato;Partido;Termos;Mencoes
Moeda municipal/social;governador;AM;DAVID ALMEIDA;AVANTE;moedas sociais;1
Moeda municipal/social;governador;PE;IVAN MORAES;PSOL;moedas sociais;1
Moeda municipal/social;governador;RJ;WILLIAM SIRI;PSOL;moedas sociais;1
Bancos comunitarios;governador;DF;CAPPELLI;PSB;banco do povo;5
Bancos comunitarios;governador;GO;MARCONI PERILLO;PSDB;banco do povo;4
Bancos comunitarios;governador;SP;TARCÍSIO;REPUBLICANOS;banco do povo;3
Bancos comunitarios;governador;AM;DAVID ALMEIDA;AVANTE;bancos comunitarios;2
Bancos comunitarios;governador;DF;LEANDRO GRASS;PT;banco do povo;2
Bancos comunitarios;governador;MS;FÁBIO TRAD;PT;banco do povo;2
Bancos comunitarios;governador;ES;HELDER SALOMÃO;PT;bancos comunitarios;1
Bancos comunitarios;governador;PE;IVAN MORAES;PSOL;bancos comunitarios;1
Bancos comunitarios;governador;RR;ROSI AIRES;PSOL;banco do povo;1
Bancos comunitarios;governador;RS;JULIANA BRIZOLA;PDT;bancos comunitarios;1
Renda basica e transferencia;governador;PE;IVAN MORAES;PSOL;renda basica, renda minima, transferencia de renda;9
Renda basica e transferencia;governador;BA;ACM NETO;UNIÃO;transferencia de renda;5
Renda basica e transferencia;governador;DF;LEANDRO GRASS;PT;renda basica, transferencia de renda;5
Renda basica e transferencia;governador;MA;SAULO ARCANGELI;PSTU;renda minima, transferencia de renda;5
Renda basica e transferencia;governador;PE;RENAN;MISSÃO;transferencia de renda, renda complementar;5
Renda basica e transferencia;governador;RJ;WILLIAM SIRI;PSOL;renda basica, renda minima, transferencia de renda;5
Renda basica e transferencia;presidente;BR;RONALDO CAIADO;PSD;transferencia de renda;4
Renda basica e transferencia;governador;CE;ZÉ BATISTA;PSTU;renda minima, transferencia de renda;4
Renda basica e transferencia;governador;BA;RONALDO MANSUR;PSOL;renda basica, transferencia de renda;3
Renda basica e transferencia;governador;ES;HELDER SALOMÃO;PT;transferencia de renda;3
Renda basica e transferencia;governador;MT;OTAVIANO PIVETTA;REPUBLICANOS;transferencia de renda;3
Renda basica e transferencia;governador;SE;EMANUEL CACHO;PSDB;transferencia de renda, renda complementar;3
Renda basica e transferencia;presidente;BR;ZEMA;NOVO;transferencia de renda;2
Renda basica e transferencia;governador;AP;DR. FURLAN;PSD;transferencia de renda;2
Renda basica e transferencia;governador;CE;ELMANO DE FREITAS;PT;transferencia de renda;2
Renda basica e transferencia;governador;DF;ARRUDA;PSD;transferencia de renda;2
Renda basica e transferencia;governador;ES;RICARDO FERRAÇO;MDB;transferencia de renda;2
Renda basica e transferencia;governador;GO;MARCONI PERILLO;PSDB;renda cidada;2
Renda basica e transferencia;governador;MS;EDUARDO RIEDEL;PP;transferencia de renda;2
Renda basica e transferencia;governador;PB;EFRAIM FILHO;PL;transferencia de renda;2
Renda basica e transferencia;governador;PR;SANDRO ALEX;PSD;transferencia de renda;2
Renda basica e transferencia;governador;SC;PROFESSOR MARCUS SODRÉ;PSTU;renda minima;2
Renda basica e transferencia;governador;SE;DR. HELTON;PSOL;renda minima, transferencia de renda;2
Renda basica e transferencia;governador;SE;FÁBIO;PSD;transferencia de renda;2
Renda basica e transferencia;presidente;BR;ESCRITOR AUGUSTO CURY;AVANTE;transferencia de renda;1
Renda basica e transferencia;presidente;BR;LULA;PT;transferencia de renda;1
Renda basica e transferencia;governador;AC;ALAN RICK;REPUBLICANOS;transferencia de renda;1
Renda basica e transferencia;governador;AM;DAVID ALMEIDA;AVANTE;transferencia de renda;1
Renda basica e transferencia;governador;AP;CLÉCIO;UNIÃO;transferencia de renda;1
Renda basica e transferencia;governador;CE;CIRO GOMES;PSDB;transferencia de renda;1
Renda basica e transferencia;governador;CE;DELEGADO HUGGO;MISSÃO;transferencia de renda;1
Renda basica e transferencia;governador;DF;PROFESSORA SAMARA MINEIRO;UP;renda basica;1
Renda basica e transferencia;governador;MA;ROBERTO ROCHA;PRTB;renda complementar;1
Renda basica e transferencia;governador;MG;INDIRA XAVIER;UP;transferencia de renda;1
Renda basica e transferencia;governador;MS;ECONOMISTA RENATO GOMES;DC;renda minima;1
Renda basica e transferencia;governador;MT;MAURICIO COELHO;MOBILIZA;transferencia de renda;1
Renda basica e transferencia;governador;PI;DRA. LÚCIA SANTOS;PSDB;transferencia de renda;1
Renda basica e transferencia;governador;PI;PROFESSOR GISVALDO;PSOL;transferencia de renda;1
Renda basica e transferencia;governador;PI;SANTIAGO BELIZÁRIO;UP;renda minima;1
Renda basica e transferencia;governador;PR;REQUIÃO FILHO;PDT;renda complementar;1
Renda basica e transferencia;governador;RJ;JULIETE;UP;renda minima;1
Renda basica e transferencia;governador;RS;GABRIEL SOUZA;MDB;transferencia de renda;1
Renda basica e transferencia;governador;RS;REJANE DE OLIVEIRA;PSTU;renda basica;1
Renda basica e transferencia;governador;SE;RICARDO MARQUES;PL;transferencia de renda;1
Economia solidaria;presidente;BR;ESCRITOR AUGUSTO CURY;AVANTE;cooperativismo, associativismo;30
Economia solidaria;governador;MA;FELIPE CAMARÃO;PT;economia solidaria, cooperativismo;24
Economia solidaria;governador;RS;JULIANA BRIZOLA;PDT;economia solidaria, cooperativismo, comercio justo, associativismo;17
Economia solidaria;governador;MG;ALEXANDRE KALIL;PDT;economia solidaria, cooperativismo;14
Economia solidaria;governador;RO;ADAILTON FURIA;PSD;economia solidaria, cooperativismo, associativismo;13
Economia solidaria;governador;ES;HELDER SALOMÃO;PT;economia solidaria, cooperativismo;12
Economia solidaria;governador;RS;MARCELO MARANATA;PSDB;economia solidaria, cooperativismo, associativismo;11
Economia solidaria;governador;SE;VALMIR DE FRANCISQUINHO;REPUBLICANOS;economia solidaria, cooperativismo, financas solidarias;11
Economia solidaria;governador;SP;CARLOS MACHADO;PCB;economia solidaria, cooperativismo;11
Economia solidaria;governador;BA;JERÔNIMO RODRIGUES;PT;economia solidaria, cooperativismo, associativismo;10
Economia solidaria;governador;CE;ELMANO DE FREITAS;PT;economia solidaria, cooperativismo, associativismo;10
Economia solidaria;governador;PE;IVAN MORAES;PSOL;economia solidaria, cooperativismo, financas solidarias;10
Economia solidaria;governador;TO;PROF WITER NAVES;PSOL;economia solidaria, cooperativismo;10
Economia solidaria;governador;MG;PATRUS ANANIAS;PT;economia solidaria, cooperativismo;9
Economia solidaria;governador;PR;SANDRO ALEX;PSD;cooperativismo;9
Economia solidaria;governador;MS;FÁBIO TRAD;PT;economia solidaria, cooperativismo;8
Economia solidaria;governador;RJ;WILLIAM SIRI;PSOL;economia solidaria;7
Economia solidaria;governador;AC;MAILZA ASSIS;PP;economia solidaria;6
Economia solidaria;governador;GO;MARCONI PERILLO;PSDB;cooperativismo;6
Economia solidaria;governador;MA;SAULO ARCANGELI;PSTU;economia solidaria, cooperativismo;6
Economia solidaria;governador;RN;ÁLVARO DIAS;PL;economia solidaria, cooperativismo, associativismo;6
Economia solidaria;governador;RN;CADU DE LULA;PT;economia solidaria, cooperativismo;6
Economia solidaria;governador;RO;MARCOS ROGÉRIO;PL;cooperativismo, associativismo;6
Economia solidaria;governador;SE;DR. HELTON;PSOL;economia solidaria, cooperativismo;6
Economia solidaria;governador;BA;RONALDO MANSUR;PSOL;economia solidaria, cooperativismo;5
Economia solidaria;governador;PA;HANA GHASSAN;MDB;cooperativismo;5
Economia solidaria;governador;PB;EFRAIM FILHO;PL;cooperativismo;5
Economia solidaria;governador;RS;GABRIEL SOUZA;MDB;cooperativismo;5
Economia solidaria;governador;TO;LAUREZ MOREIRA;PSD;economia solidaria, cooperativismo, associativismo;5
Economia solidaria;governador;TO;VICENTINHO JÚNIOR;PSDB;cooperativismo, associativismo;5
Economia solidaria;presidente;BR;RONALDO CAIADO;PSD;cooperativismo;4
Economia solidaria;governador;MA;ROBERTO ROCHA;PRTB;cooperativismo;4
Economia solidaria;governador;PE;RENAN;MISSÃO;economia solidaria, associativismo;4
Economia solidaria;governador;RN;CARLOS JARARACA;DC;economia solidaria, cooperativismo;4
Economia solidaria;governador;RO;EXPEDITO NETTO;PT;economia solidaria, cooperativismo;4
Economia solidaria;governador;SE;EMANUEL CACHO;PSDB;cooperativismo, associativismo;4
Economia solidaria;presidente;BR;LULA;PT;economia solidaria, cooperativismo;3
Economia solidaria;presidente;BR;SAMARA;UP;economia solidaria;3
Economia solidaria;governador;AC;ALAN RICK;REPUBLICANOS;economia solidaria, cooperativismo, associativismo;3
Economia solidaria;governador;AM;DAVID ALMEIDA;AVANTE;economia solidaria, cooperativismo, associativismo;3
Economia solidaria;governador;AM;ISAEL MUNDURUKU;REDE;economia solidaria, cooperativismo, comercio justo;3
Economia solidaria;governador;DF;ARRUDA;PSD;cooperativismo;3
Economia solidaria;governador;DF;CELINA LEÃO;PP;cooperativismo, associativismo;3
Economia solidaria;governador;DF;KIKO CAPUTO;NOVO;cooperativismo, associativismo;3
Economia solidaria;governador;MA;ANDRÉ LUIS;MISSÃO;cooperativismo;3
Economia solidaria;governador;MS;ECONOMISTA RENATO GOMES;DC;cooperativismo;3
Economia solidaria;governador;PA;GAL LEITE;UP;economia solidaria;3
Economia solidaria;governador;SC;LAÍS CHAUD;UP;economia solidaria, cooperativismo;3
Economia solidaria;governador;SE;RICARDO MARQUES;PL;cooperativismo;3
Economia solidaria;governador;TO;DU PEREIRA;DC;cooperativismo;3
Economia solidaria;governador;TO;PROFESSORA DORINHA;UNIÃO;cooperativismo;3
Economia solidaria;governador;BA;ACM NETO;UNIÃO;associativismo;2
Economia solidaria;governador;CE;DELEGADO HUGGO;MISSÃO;cooperativismo;2
Economia solidaria;governador;CE;SERLEY LEAL;UP;economia solidaria, cooperativismo;2
Economia solidaria;governador;DF;LEANDRO GRASS;PT;economia solidaria;2
Economia solidaria;governador;ES;LORENZO PAZOLINI;REPUBLICANOS;cooperativismo;2
Economia solidaria;governador;ES;RAFAEL DEMUNER;UP;economia solidaria;2
Economia solidaria;governador;ES;RICARDO FERRAÇO;MDB;economia solidaria, cooperativismo;2
Economia solidaria;governador;MA;ORLEANS BRANDÃO;MDB;cooperativismo, associativismo;2
Economia solidaria;governador;MS;EDUARDO RIEDEL;PP;cooperativismo;2
Economia solidaria;governador;MT;DOUTORA NATASHA;PSD;economia solidaria;2
Economia solidaria;governador;MT;WELLINGTON FAGUNDES;PL;economia solidaria;2
Economia solidaria;governador;PB;CÍCERO LUCENA;MDB;cooperativismo;2
Economia solidaria;governador;PI;DRA. LÚCIA SANTOS;PSDB;economia solidaria, cooperativismo;2
Economia solidaria;governador;PI;PROFESSOR GISVALDO;PSOL;economia solidaria;2
Economia solidaria;governador;PI;RAFAEL FONTELES;PT;cooperativismo;2
Economia solidaria;governador;PI;RAVENNA DA INCLUSÃO;DEMOCRATA;cooperativismo, associativismo;2
Economia solidaria;governador;PR;REQUIÃO FILHO;PDT;economia solidaria, cooperativismo;2
Economia solidaria;governador;RR;ROSI AIRES;PSOL;economia solidaria, cooperativismo;2
Economia solidaria;governador;SP;VIVIAN MENDES;UP;economia solidaria;2
Economia solidaria;presidente;BR;PABLO MARÇAL;PRTB;cooperativismo;1
Economia solidaria;governador;AC;EUDO RAFFAEL;PCB;economia solidaria;1
Economia solidaria;governador;AC;THOR DANTAS;PSB;cooperativismo;1
Economia solidaria;governador;AL;JHC;PSDB;economia solidaria;1
Economia solidaria;governador;AL;LENILDA LUNA;UP;economia solidaria;1
Economia solidaria;governador;BA;ESTÊVÃO;DC;cooperativismo;1
Economia solidaria;governador;CE;CIRO GOMES;PSDB;cooperativismo;1
Economia solidaria;governador;CE;ZÉ BATISTA;PSTU;economia solidaria;1
Economia solidaria;governador;DF;CAPPELLI;PSB;economia solidaria;1
Economia solidaria;governador;DF;ELISSON;AGIR;economia solidaria;1
Economia solidaria;governador;GO;WILDER MORAIS;PL;cooperativismo;1
Economia solidaria;governador;MG;GABRIEL;MDB;cooperativismo;1
Economia solidaria;governador;MG;INDIRA XAVIER;UP;economia solidaria;1
Economia solidaria;governador;MG;PROFESSOR TÚLIO LOPES;PCB;cooperativismo;1
Economia solidaria;governador;PA;CLEBER RABELO;PSTU;economia solidaria;1
Economia solidaria;governador;PA;DR. DANIEL;PODE;economia solidaria;1
Economia solidaria;governador;PA;WELL MACEDO;PSTU;economia solidaria;1
Economia solidaria;governador;PE;JOÃO CAMPOS;PSB;cooperativismo;1
Economia solidaria;governador;PI;GERALDO CARVALHO;PSTU;economia solidaria;1
Economia solidaria;governador;PI;GUSTAVO PELO PIAUÍ OU GUSTAVO;AVANTE;cooperativismo;1
Economia solidaria;governador;PI;JOEL RODRIGUES;PP;cooperativismo;1
Economia solidaria;governador;PR;SAMUEL DE MATTOS;PSTU;cooperativismo;1
Economia solidaria;governador;PR;TAYNÁ MIESSA;UP;economia solidaria;1
Economia solidaria;governador;RN;PROFESSOR ROBERIO PAULINO;PSOL;cooperativismo;1
Economia solidaria;governador;RR;SOLDADO SAMPAIO;REPUBLICANOS;cooperativismo;1
Economia solidaria;governador;SC;JOÃO RODRIGUES;PSD;cooperativismo;1
Economia solidaria;governador;SE;FÁBIO;PSD;economia solidaria;1
Economia solidaria;governador;SP;FERNANDO HADDAD;PT;cooperativismo;1
