Municipio;UF;Banco;Periodo;Prometeu moeda no plano;Termos do compromisso;Contas ativas;Comercios credenciados;Comercios com venda;Valor emitido;Gasto no comercio local;Saques;Retencao local (%) [campo agregado, ver ressalva];Grau de uso comunitario;Grau de atividade do comercio;Grau de permanencia da moeda
Saquarema;RJ;SAQUA;2024-01;SIM;moeda social;26958;40;39;19567857.67;122341.91;11280959.79;1.07;1.0;0.975;0.010844991231016524
Saquarema;RJ;SAQUA;2024-02;SIM;moeda social;36565;35;34;23089259.78;37451.83;7824773.75;0.48;1.0;0.9714285714285714;0.004786314748078179
Saquarema;RJ;SAQUA;2024-03;SIM;moeda social;36927;45;54;23558505.96;23235.38;8293287.33;0.28;1.0;1.2;0.002801709271056934
Saquarema;RJ;SAQUA;2024-04;SIM;moeda social;36116;57;67;24102653.37;33704.31;8938446.32;0.38;1.0;1.1754385964912282;0.00377071235798393
Saquarema;RJ;SAQUA;2024-05;SIM;moeda social;38882;43;69;82167913.22;730952.71;11200663.34;6.13;1.0;1.6046511627906976;0.06525976969503305
Saquarema;RJ;SAQUA;2024-06;SIM;moeda social;39933;40;44;31048578.06;13129.74;9822058.04;0.13;1.0;1.1;0.0013367605797613466
Saquarema;RJ;SAQUA;2024-07;SIM;moeda social;41736;62;72;23740654.2;29235.24;10468423.31;0.28;1.0;1.1612903225806452;0.0027927070900995114
Saquarema;RJ;SAQUA;2024-08;SIM;moeda social;41762;39;43;26336833.81;15651.06;10989842.76;0.14;1.0;1.1025641025641026;0.001424138665292423
Saquarema;RJ;SAQUA;2024-09;SIM;moeda social;41330;36;49;26213154.83;61018.64;10889564.5;0.56;1.0;1.3611111111111112;0.00560340498465297
Saquarema;RJ;SAQUA;2024-10;SIM;moeda social;42621;35;41;26687432.01;13964.54;9738297.46;0.14;1.0;1.1714285714285715;0.001433981664388387
Saquarema;RJ;SAQUA;2024-11;SIM;moeda social;41600;35;48;32438355.87;23953.54;11353727.24;0.21;1.0;1.3714285714285714;0.0021097512291479003
Saquarema;RJ;SAQUA;2024-12;SIM;moeda social;41815;31;38;39488587.44;81466.61;13760194.19;0.59;1.0;1.2258064516129032;0.005920454964160652
Saquarema;RJ;SAQUA;2025-01;SIM;moeda social;35105;27;29;22769576.69;9870.86;10349503.0;0.1;1.0;1.0740740740740742;0.0009537520787230069
Saquarema;RJ;SAQUA;2025-02;SIM;moeda social;38250;26;46;25482843.19;43136.9;9461135.12;0.45;1.0;1.7692307692307692;0.00455937891731537
Saquarema;RJ;SAQUA;2025-03;SIM;moeda social;35752;38;21;19252453.68;6937.94;10113843.25;0.07;1.0;0.5526315789473685;0.0006859845291749009
Saquarema;RJ;SAQUA;2025-04;SIM;moeda social;37688;32;28;24643149.54;14128.83;10087229.58;0.14;1.0;0.875;0.0014006650575310892
Saquarema;RJ;SAQUA;2025-05;SIM;moeda social;41184;43;31;27427894.17;15396.48;10222430.71;0.15;1.0;0.7209302325581395;0.0015061466726244014
Saquarema;RJ;SAQUA;2025-06;SIM;moeda social;39306;35;21;25604592.11;9174.34;10405618.79;0.09;1.0;0.6;0.0008816717376593419
Saquarema;RJ;SAQUA;2025-07;SIM;moeda social;39203;50;62;30895846.44;42867.3;11887782.3;0.36;1.0;1.24;0.003605996385044835
Saquarema;RJ;SAQUA;2025-08;SIM;moeda social;37223;57;40;28548352.92;39306.22;11312481.13;0.35;1.0;0.7017543859649122;0.0034745887792698564
Saquarema;RJ;SAQUA;2025-09;SIM;moeda social;40451;40;46;30630560.79;89839.98;14385111.54;0.62;1.0;1.15;0.006245344691988423
Saquarema;RJ;SAQUA;2025-10;SIM;moeda social;46995;37;24;31531846.98;6676.0;12001606.15;0.06;1.0;0.6486486486486487;0.0005562588803999371
Saquarema;RJ;SAQUA;2025-11;SIM;moeda social;39368;26;27;30283360.34;31781.3;12784652.31;0.25;1.0;1.0384615384615385;0.0024858947454629676
Saquarema;RJ;SAQUA;2025-12;SIM;moeda social;40127;18;20;38839240.73;16701.46;14619361.07;0.11;1.0;1.1111111111111112;0.0011424206516297498
Saquarema;RJ;SAQUA;2026-01;SIM;moeda social;39939;26;20;32091938.13;18960.03;13943949.84;0.14;1.0;0.7692307692307693;0.0013597316554890874
Saquarema;RJ;SAQUA;2026-02;SIM;moeda social;39339;25;21;30238068.73;7542.86;12503245.99;0.06;1.0;0.84;0.0006032721427725826
Saquarema;RJ;SAQUA;2026-03;SIM;moeda social;38132;32;23;29082635.79;25990.85;11776333.95;0.22;1.0;0.71875;0.0022070408422818185
Saquarema;RJ;SAQUA;2026-04;SIM;moeda social;37386;37;23;28982671.54;17366.3;13057831.17;0.13;1.0;0.6216216216216216;0.001329952866897114
Saquarema;RJ;SAQUA;2026-05;SIM;moeda social;39731;47;25;29601460.09;10670.62;11751158.62;0.09;1.0;0.5319148936170213;0.0009080483333651057
Saquarema;RJ;SAQUA;2026-06;SIM;moeda social;39200;35;19;29488746.25;10657.32;12177639.05;0.09;1.0;0.5428571428571428;0.0008751548601697143
Saquarema;RJ;SAQUA;2026-07;SIM;moeda social;38974;62;33;354621339.45;20332.44;12838703.79;0.16;1.0;0.532258064516129;0.0015836832387890144
Indiaroba;SE;INDIAROBA;2024-01;nao;;1214;0;1;325329.13;30.0;140957.54;0.02;1.0;;0.00021283004797047393
Indiaroba;SE;INDIAROBA;2024-02;nao;;1214;0;1;382118.61;104.0;109686.55;0.09;1.0;;0.0009481563601006683
Indiaroba;SE;INDIAROBA;2024-03;nao;;1229;1;0;354427.8;0.0;195571.48;0.0;;0.0;0.0
Indiaroba;SE;INDIAROBA;2024-04;nao;;1227;0;0;347769.51;0.0;113154.95;0.0;;;0.0
Indiaroba;SE;INDIAROBA;2024-05;nao;;1250;0;1;370827.31;153.7;191063.27;0.08;1.0;;0.0008044455640270365
Indiaroba;SE;INDIAROBA;2024-06;nao;;1278;1;0;419377.38;0.0;154860.36;0.0;;0.0;0.0
Indiaroba;SE;INDIAROBA;2024-07;nao;;1292;2;1;419905.3;9.49;166327.57;0.01;1.0;0.5;5.705608516976471e-05
Indiaroba;SE;INDIAROBA;2024-08;nao;;1267;1;0;359731.45;0.0;116897.35;0.0;;0.0;0.0
Indiaroba;SE;INDIAROBA;2024-09;nao;;1249;2;0;367271.72;0.0;184647.58;0.0;;0.0;0.0
Indiaroba;SE;INDIAROBA;2024-10;nao;;1236;0;1;348329.01;51.0;192086.56;0.03;1.0;;0.0002655053013599702
Indiaroba;SE;INDIAROBA;2024-11;nao;;1243;0;0;359030.41;0.0;118226.41;0.0;;;0.0
Indiaroba;SE;INDIAROBA;2024-12;nao;;1297;0;1;448201.5;545.0;91046.73;0.6;1.0;;0.005985937111634872
Indiaroba;SE;INDIAROBA;2025-01;nao;;1244;2;2;295423.39;59167.8;143380.89;29.21;1.0;1.0;0.41266168734201614
Indiaroba;SE;INDIAROBA;2025-02;nao;;1243;3;2;361432.41;304.55;224714.9;0.14;1.0;0.6666666666666666;0.001355272836825684
Indiaroba;SE;INDIAROBA;2025-03;nao;;1250;1;0;367323.3;0.0;229426.93;0.0;;0.0;0.0
Indiaroba;SE;INDIAROBA;2025-04;nao;;1233;1;3;346746.02;3999.84;81882.45;4.66;1.0;3.0;0.048848562787263926
Indiaroba;SE;INDIAROBA;2025-05;nao;;2033;1;2;555565.96;271.1;173279.61;0.16;1.0;2.0;0.0015645233735232902
Indiaroba;SE;INDIAROBA;2025-06;nao;;2141;0;0;575934.16;0.0;339169.63;0.0;;;0.0
Indiaroba;SE;INDIAROBA;2025-07;nao;;2149;2;1;578927.01;14.1;227578.99;0.01;1.0;0.5;6.195651013303118e-05
Indiaroba;SE;INDIAROBA;2025-08;nao;;2119;1;0;567662.98;0.0;226624.18;0.0;;0.0;0.0
Indiaroba;SE;INDIAROBA;2025-09;nao;;2161;2;2;582257.16;188.5;255145.87;0.07;1.0;1.0;0.0007387930676675267
Indiaroba;SE;INDIAROBA;2025-10;nao;;2298;6;1;574610.13;111.0;230008.98;0.05;1.0;0.16666666666666666;0.00048258985366571343
Indiaroba;SE;INDIAROBA;2025-11;nao;;2073;1;0;562950.91;0.0;259478.21;0.0;;0.0;0.0
Indiaroba;SE;INDIAROBA;2025-12;nao;;2107;1;1;1044839.82;159.98;290762.52;0.05;1.0;1.0;0.0005502084656578157
Indiaroba;SE;INDIAROBA;2026-01;nao;;1349;1;0;375225.52;0.0;149256.26;0.0;;0.0;0.0
Indiaroba;SE;INDIAROBA;2026-02;nao;;1186;0;0;351858.78;0.0;397491.25;0.0;;;0.0
Indiaroba;SE;INDIAROBA;2026-03;nao;;2138;4;0;791900.46;0.0;192708.28;0.0;;0.0;0.0
Indiaroba;SE;INDIAROBA;2026-04;nao;;2382;2;1;919861.61;154.0;394461.1;0.04;1.0;0.5;0.00039040605017833186
Indiaroba;SE;INDIAROBA;2026-05;nao;;2407;1;1;909242.69;700.0;325912.48;0.21;1.0;1.0;0.0021478158798951177
Indiaroba;SE;INDIAROBA;2026-06;nao;;2398;0;0;1282994.93;0.0;392374.86;0.0;;;0.0
Indiaroba;SE;INDIAROBA;2026-07;nao;;1637;3;0;7746813.08;0.0;514736.14;0.0;;0.0;0.0
Maricá;RJ;MUMBUCA;2024-01;SIM;moeda social;77860;0;95;127389115.68;291160.15;60107091.61;0.48;0.7742321906677946;;0.004837190596137175
Maricá;RJ;MUMBUCA;2024-02;SIM;moeda social;75532;0;47;110675667.58;511137.09;43265497.44;1.17;0.909465579261291;;0.011800087995904601
Maricá;RJ;MUMBUCA;2024-03;SIM;moeda social;76874;0;99;114990709.17;166061.11;46241735.02;0.36;0.7654322928130002;;0.003587204467658716
Maricá;RJ;MUMBUCA;2024-04;SIM;moeda social;77312;0;88;111385491.7;296906.25;43154634.01;0.68;0.7928656782963291;;0.006867710860205669
Maricá;RJ;MUMBUCA;2024-05;SIM;moeda social;77263;0;69;124129119.19;133971.14;47641010.81;0.28;0.7188976388515874;;0.0028090081893899963
Maricá;RJ;MUMBUCA;2024-06;SIM;moeda social;77375;0;52;115308326.05;58647.89;45157431.11;0.13;0.44490318702483633;;0.0012966417344339707
Maricá;RJ;MUMBUCA;2024-07;SIM;moeda social;75496;0;61;110422379.81;95385.52;43746396.12;0.22;0.5723959800420705;;0.0021768742313797
Maricá;RJ;MUMBUCA;2024-08;SIM;moeda social;77442;0;56;115867358.27;129155.96;45564604.26;0.28;0.6186423125875711;;0.00282962345818112
Maricá;RJ;MUMBUCA;2024-09;SIM;moeda social;78053;0;65;110880315.18;105502.5;42856572.14;0.25;0.5832550610689513;;0.002457435240591116
Maricá;RJ;MUMBUCA;2024-10;SIM;moeda social;77860;0;92;112455223.15;316750.24;44213167.34;0.71;0.8116230170117338;;0.007152268035008181
Maricá;RJ;MUMBUCA;2024-11;SIM;moeda social;77363;0;61;111715261.32;93114.85;42761045.93;0.22;0.5661668735389783;;0.0021739350980970063
Maricá;RJ;MUMBUCA;2024-12;SIM;moeda social;79661;0;75;192427889.76;642558.22;64544976.44;0.99;0.9083046551816842;;0.009945206167120217
Maricá;RJ;MUMBUCA;2025-01;SIM;moeda social;62928;0;54;85053588.45;202593.01;42170835.62;0.48;0.9613572307970453;;0.0048031748163417974
Maricá;RJ;MUMBUCA;2025-02;SIM;moeda social;74835;0;56;153251202.32;200081.74;58318357.37;0.34;0.7336794592292575;;0.0034265861035349715
Maricá;RJ;MUMBUCA;2025-03;SIM;moeda social;63097;0;38;87443629.53;27516.75;37082055.62;0.07;0.7794850541865586;;0.0007418945445838086
Maricá;RJ;MUMBUCA;2025-04;SIM;moeda social;60262;0;35;80292428.49;55272.53;31979466.09;0.17;0.9508964545761711;;0.0017282213875343987
Maricá;RJ;MUMBUCA;2025-05;SIM;moeda social;59244;0;38;79390908.46;98935.25;30047278.82;0.33;0.9883720349413382;;0.0032925250322381394
Maricá;RJ;MUMBUCA;2025-06;SIM;moeda social;58635;0;38;78413790.46;158414.15;30306400.49;0.52;0.9959436524794046;;0.005226974335286983
Maricá;RJ;MUMBUCA;2025-07;SIM;moeda social;52879;0;30;70880338.91;89120.71;27823651.5;0.32;0.9955039592525782;;0.0032030095254990524
Maricá;RJ;MUMBUCA;2025-08;SIM;moeda social;51372;0;24;64939102.73;37308.59;27587613.66;0.14;0.9915788360215855;;0.0013523518912183896
Maricá;RJ;MUMBUCA;2025-09;SIM;moeda social;51195;0;11;68308642.2;6204.12;41820327.77;0.01;0.9399298853744043;;0.00014835037193391005
Maricá;RJ;MUMBUCA;2025-10;SIM;moeda social;78878;0;0;38912497.87;0.0;3999346.8;0.0;0.0;;0.0
Maricá;RJ;MUMBUCA;2025-11;SIM;moeda social;414;0;0;227672.06;0.0;74005.13;0.0;;;0.0
Maricá;RJ;MUMBUCA;2025-12;SIM;moeda social;8;0;0;0.0;0.0;3266.16;0.0;;;0.0
Maricá;RJ;MUMBUCA;2026-03;SIM;moeda social;175;0;0;2573673.2;0.0;66.01;0.0;;;0.0
Maricá;RJ;MUMBUCA;2026-04;SIM;moeda social;1;0;0;0.0;0.0;3.74;0.0;;;0.0
Niterói;RJ;ARARIBOIA;2024-01;SIM;moeda social;36175;29;55;39415590.66;61110.83;13799944.79;0.44;1.0;1.896551724137931;0.004428338731056619
Niterói;RJ;ARARIBOIA;2024-02;SIM;moeda social;36048;37;47;40086703.37;45168.52;14124708.06;0.32;1.0;1.2702702702702702;0.003197837421356233
Niterói;RJ;ARARIBOIA;2024-03;SIM;moeda social;36307;33;61;44153702.4;66505.91;17490103.41;0.38;1.0;1.8484848484848484;0.0038024880951804487
Niterói;RJ;ARARIBOIA;2024-04;SIM;moeda social;36380;41;68;41710720.58;66906.3;14934113.12;0.45;1.0;1.6585365853658536;0.004480098648134522
Niterói;RJ;ARARIBOIA;2024-05;SIM;moeda social;46928;33;43;55842491.36;33636.45;16003145.86;0.21;1.0;1.303030303030303;0.002101864864212388
Niterói;RJ;ARARIBOIA;2024-06;SIM;moeda social;44376;51;97;50002465.95;63629.3;16511894.13;0.38;1.0;1.9019607843137254;0.003853543360866983
Niterói;RJ;ARARIBOIA;2024-07;SIM;moeda social;44131;52;77;48803793.42;193972.59;18510561.51;1.04;1.0;1.4807692307692308;0.010479022470237314
Niterói;RJ;ARARIBOIA;2024-08;SIM;moeda social;44168;57;79;48890695.36;91807.98;17868777.13;0.51;1.0;1.3859649122807018;0.0051378994394564925
Niterói;RJ;ARARIBOIA;2024-09;SIM;moeda social;44117;51;71;48309777.68;406599.45;17324046.88;2.29;1.0;1.392156862745098;0.02347023491776652
Niterói;RJ;ARARIBOIA;2024-10;SIM;moeda social;44218;46;61;48959851.5;71309.49;17737903.92;0.4;1.0;1.326086956521739;0.00402017568262936
Niterói;RJ;ARARIBOIA;2024-11;SIM;moeda social;44198;39;49;48668821.1;32872.53;17754005.09;0.18;1.0;1.2564102564102564;0.001851555738176258
Niterói;RJ;ARARIBOIA;2024-12;SIM;moeda social;44338;15;29;49218362.73;36272.97;17436386.76;0.21;1.0;1.9333333333333333;0.0020803031327116537
Niterói;RJ;ARARIBOIA;2025-01;SIM;moeda social;49843;23;27;54695863.43;42611.29;18593225.93;0.23;1.0;1.173913043478261;0.0022917642242622927
Niterói;RJ;ARARIBOIA;2025-02;SIM;moeda social;52607;25;96;66810996.42;1789048.14;27724455.91;6.06;1.0;3.84;0.0645296032429875
Niterói;RJ;ARARIBOIA;2025-03;SIM;moeda social;51652;43;49;60817224.19;247575.68;24269925.37;1.01;1.0;1.1395348837209303;0.010200924651627804
Niterói;RJ;ARARIBOIA;2025-04;SIM;moeda social;52100;34;43;59198818.28;85859.74;21100647.51;0.41;1.0;1.2647058823529411;0.004069057120607764
Niterói;RJ;ARARIBOIA;2025-05;SIM;moeda social;53035;27;30;59569928.98;32545.15;21015860.3;0.15;1.0;1.1111111111111112;0.0015485994641865797
Niterói;RJ;ARARIBOIA;2025-06;SIM;moeda social;52333;33;34;58536617.81;48554.87;21275020.41;0.23;1.0;1.0303030303030303;0.002282247869298285
Niterói;RJ;ARARIBOIA;2025-07;SIM;moeda social;53155;59;66;59772974.01;493782.42;22086692.59;2.19;1.0;1.11864406779661;0.0223565578226758
Niterói;RJ;ARARIBOIA;2025-08;SIM;moeda social;51322;36;34;57738112.12;48571.39;20732548.61;0.23;1.0;0.9444444444444444;0.002342760213115931
Niterói;RJ;ARARIBOIA;2025-09;SIM;moeda social;52103;52;49;58770728.36;66449.18;21359702.77;0.31;1.0;0.9423076923076923;0.00311095995649007
Niterói;RJ;ARARIBOIA;2025-10;SIM;moeda social;52392;43;38;59700433.75;22663.73;21564800.03;0.1;1.0;0.8837209302325582;0.0010509594324302199
Niterói;RJ;ARARIBOIA;2025-11;SIM;moeda social;52415;39;29;58934241.35;309181.82;21154530.66;1.44;1.0;0.7435897435897436;0.014615394922687472
Niterói;RJ;ARARIBOIA;2025-12;SIM;moeda social;53833;45;50;125809473.69;274176.9;39929742.53;0.68;1.0;1.1111111111111112;0.006866483043160259
Niterói;RJ;ARARIBOIA;2026-01;SIM;moeda social;53631;46;32;74392667.63;38632.07;32737053.05;0.12;1.0;0.6956521739130435;0.0011800717047132014
Niterói;RJ;ARARIBOIA;2026-02;SIM;moeda social;53290;18;12;66713088.88;12234.33;25074382.94;0.05;1.0;0.6666666666666666;0.00048792147863719254
Niterói;RJ;ARARIBOIA;2026-03;SIM;moeda social;53527;54;27;67791069.94;18603.94;25706578.2;0.07;1.0;0.5;0.0007237034760231136
Niterói;RJ;ARARIBOIA;2026-04;SIM;moeda social;55893;48;27;73480279.73;47982.64;25331685.93;0.19;1.0;0.5625;0.0018941747553870767
Niterói;RJ;ARARIBOIA;2026-05;SIM;moeda social;54334;51;28;67858667.31;18233.92;25074657.05;0.07;1.0;0.5490196078431373;0.000727185219867244
Niterói;RJ;ARARIBOIA;2026-06;SIM;moeda social;53371;68;41;66173269.98;128050.38;24662337.64;0.52;1.0;0.6029411764705882;0.0051921428483046265
Niterói;RJ;ARARIBOIA;2026-07;SIM;moeda social;66681;74;42;867953802.18;119075.33;24341996.06;0.49;1.0;0.5675675675675675;0.004891765231844344
Iguaba Grande;RJ;IGUABA GRANDE;2024-01;SIM;moeda social;1860;4;2;784701.38;373.96;370186.58;0.1;1.0;0.5;0.0010101932922581907
Iguaba Grande;RJ;IGUABA GRANDE;2024-02;SIM;moeda social;2391;4;3;1147823.67;31487.12;383361.21;7.59;1.0;0.75;0.08213434009142447
Iguaba Grande;RJ;IGUABA GRANDE;2024-03;SIM;moeda social;2505;4;5;1332455.14;5242.73;334076.51;1.55;1.0;1.25;0.015693201536378595
Iguaba Grande;RJ;IGUABA GRANDE;2024-04;SIM;moeda social;2115;0;3;965482.82;1230.15;464026.86;0.26;1.0;;0.002651031882076827
Iguaba Grande;RJ;IGUABA GRANDE;2024-05;SIM;moeda social;2380;3;3;1263686.55;658.67;400033.22;0.16;1.0;1.0;0.0016465382549979224
Iguaba Grande;RJ;IGUABA GRANDE;2024-06;SIM;moeda social;2336;3;4;1124429.36;1087.35;375516.02;0.29;1.0;1.3333333333333333;0.002895615478668526
Iguaba Grande;RJ;IGUABA GRANDE;2024-07;SIM;moeda social;2271;3;3;1011179.37;264.31;275176.04;0.1;1.0;1.0;0.0009605124050771277
Iguaba Grande;RJ;IGUABA GRANDE;2024-08;SIM;moeda social;2242;0;3;1109574.37;898.98;476654.2;0.19;1.0;;0.001886021354684381
Iguaba Grande;RJ;IGUABA GRANDE;2024-09;SIM;moeda social;2284;3;5;1097615.15;838.75;370006.27;0.23;1.0;1.6666666666666667;0.0022668534779153875
Iguaba Grande;RJ;IGUABA GRANDE;2024-10;SIM;moeda social;2230;3;6;1101665.27;1771.22;421273.77;0.42;1.0;2.0;0.004204439312706321
Iguaba Grande;RJ;IGUABA GRANDE;2024-11;SIM;moeda social;2240;2;2;1034959.57;3440.38;318977.99;1.07;1.0;1.0;0.010785634457098438
Iguaba Grande;RJ;IGUABA GRANDE;2024-12;SIM;moeda social;2381;0;0;1353899.71;0.0;602647.86;0.0;;;0.0
Iguaba Grande;RJ;IGUABA GRANDE;2025-01;SIM;moeda social;1693;3;3;679369.37;1378.51;124411.84;1.1;1.0;1.0;0.011080215516465314
Iguaba Grande;RJ;IGUABA GRANDE;2025-02;SIM;moeda social;2172;0;1;1091835.05;60.0;356235.27;0.02;1.0;;0.00016842801668683738
Iguaba Grande;RJ;IGUABA GRANDE;2025-03;SIM;moeda social;2203;0;0;1056033.44;0.0;327258.36;0.0;;;0.0
Iguaba Grande;RJ;IGUABA GRANDE;2025-04;SIM;moeda social;1867;0;0;746414.04;0.0;199591.38;0.0;;;0.0
Iguaba Grande;RJ;IGUABA GRANDE;2025-05;SIM;moeda social;2220;0;0;1286014.58;0.0;539311.49;0.0;;;0.0
Iguaba Grande;RJ;IGUABA GRANDE;2025-06;SIM;moeda social;2091;1;3;1023220.58;4803.37;362394.25;1.31;1.0;3.0;0.0132545425320628
Iguaba Grande;RJ;IGUABA GRANDE;2025-07;SIM;moeda social;2000;2;1;1004236.32;344.23;405091.84;0.08;1.0;0.5;0.0008497579215616885
Iguaba Grande;RJ;IGUABA GRANDE;2025-08;SIM;moeda social;2141;0;0;1066822.09;0.0;347415.55;0.0;;;0.0
Iguaba Grande;RJ;IGUABA GRANDE;2025-09;SIM;moeda social;1760;4;2;826863.05;770.9;311726.07;0.25;1.0;0.5;0.0024730045838001298
Iguaba Grande;RJ;IGUABA GRANDE;2025-10;SIM;moeda social;2282;2;2;877779.51;653.0;289199.47;0.23;1.0;1.0;0.0022579571117471273
Iguaba Grande;RJ;IGUABA GRANDE;2025-11;SIM;moeda social;1977;3;2;992788.92;294.5;312876.87;0.09;1.0;0.6666666666666666;0.0009412648496515577
Iguaba Grande;RJ;IGUABA GRANDE;2025-12;SIM;moeda social;2054;1;0;1190382.77;0.0;414907.61;0.0;;0.0;0.0
Iguaba Grande;RJ;IGUABA GRANDE;2026-01;SIM;moeda social;1610;2;2;682150.19;1856.04;231554.55;0.8;1.0;1.0;0.008015562639559447
Iguaba Grande;RJ;IGUABA GRANDE;2026-02;SIM;moeda social;1807;1;1;889241.9;260.0;307053.18;0.08;1.0;1.0;0.0008467588578629932
Iguaba Grande;RJ;IGUABA GRANDE;2026-03;SIM;moeda social;1694;2;1;849524.06;22.98;319904.34;0.01;1.0;0.5;7.183397386856335e-05
Iguaba Grande;RJ;IGUABA GRANDE;2026-04;SIM;moeda social;1892;1;1;915450.62;15.0;313610.76;0.0;1.0;1.0;4.7829991547483875e-05
Iguaba Grande;RJ;IGUABA GRANDE;2026-05;SIM;moeda social;1956;0;0;1007054.42;0.0;314187.9;0.0;;;0.0
Iguaba Grande;RJ;IGUABA GRANDE;2026-06;SIM;moeda social;1546;3;2;774976.83;454.98;302291.93;0.15;1.0;0.6666666666666666;0.0015051013766725434
Iguaba Grande;RJ;IGUABA GRANDE;2026-07;SIM;moeda social;1836;2;1;12174330.13;367.79;320393.57;0.11;1.0;0.5;0.0011479319013799184
Cabo Frio;RJ;ITAJURU 1;2024-01;nao;;285;0;0;178231.13;0.0;73784.08;0.0;;;0.0
Cabo Frio;RJ;ITAJURU 1;2024-02;nao;;533;0;1;321779.99;189.25;145902.02;0.13;1.0;;0.0012971033574449482
Cabo Frio;RJ;ITAJURU 1;2024-03;nao;;492;0;0;147714.91;0.0;104211.75;0.0;;;0.0
Cabo Frio;RJ;ITAJURU 1;2024-04;nao;;532;0;0;412216.66;0.0;124194.4;0.0;;;0.0
Cabo Frio;RJ;ITAJURU 1;2024-05;nao;;532;0;1;331748.44;268.49;127556.06;0.21;1.0;;0.002104878435411066
Cabo Frio;RJ;ITAJURU 1;2024-06;nao;;365;0;0;106366.78;0.0;90352.28;0.0;;;0.0
Cabo Frio;RJ;ITAJURU 1;2024-07;nao;;531;0;0;408263.14;0.0;72706.29;0.0;;;0.0
Cabo Frio;RJ;ITAJURU 1;2024-08;nao;;387;0;0;145464.83;0.0;133510.05;0.0;;;0.0
Cabo Frio;RJ;ITAJURU 1;2024-09;nao;;530;0;0;278577.03;0.0;105577.55;0.0;;;0.0
Cabo Frio;RJ;ITAJURU 1;2024-10;nao;;46;0;0;9012.98;0.0;14817.22;0.0;;;0.0
Cabo Frio;RJ;ITAJURU 1;2024-11;nao;;3;0;0;14.63;0.0;15.9;0.0;;;0.0
Cabo Frio;RJ;ITAJURU 1;2024-12;nao;;1;0;0;0.0;0.0;123.4;0.0;;;0.0
Cabo Frio;RJ;ITAJURU 1;2025-10;nao;;544;0;0;29105.51;0.0;0.0;;;;
Vitória;ES;BEM;2024-01;nao;;7;0;0;59764.11;0.0;8938.77;0.0;0.0;;0.0
Vitória;ES;BEM;2024-02;nao;;6;0;0;18548.34;0.0;10888.77;0.0;;;0.0
Vitória;ES;BEM;2024-03;nao;;1;0;0;6736.15;0.0;0.0;;0.0;;0.0
Vitória;ES;BEM;2024-04;nao;;8;0;0;21795.27;0.0;11368.77;0.0;0.0;;0.0
Vitória;ES;BEM;2024-05;nao;;7;0;0;55508.71;0.0;8489.67;0.0;0.0;;0.0
Vitória;ES;BEM;2024-06;nao;;5;1;1;16350.75;1000.0;5997.3;14.29;0.31034985739424054;1.0;0.1216623456256912
Vitória;ES;BEM;2024-07;nao;;4;0;0;8175.82;0.0;2422.37;0.0;0.0;;0.0
Vitória;ES;BEM;2024-08;nao;;7;0;0;23470.12;0.0;9849.67;0.0;0.0;;0.0
Vitória;ES;BEM;2024-09;nao;;3;0;0;149328.81;0.0;2502.37;0.0;0.0;;0.0
Vitória;ES;BEM;2024-10;nao;;9;0;0;58202.48;0.0;12402.6;0.0;;;0.0
Vitória;ES;BEM;2024-11;nao;;7;0;0;153209.19;0.0;4326.67;0.0;;;0.0
Vitória;ES;BEM;2024-12;nao;;8;0;0;24943.1;0.0;40120.45;0.0;;;0.0
Vitória;ES;BEM;2025-01;nao;;8;0;0;24949.65;0.0;13181.87;0.0;0.0;;0.0
Vitória;ES;BEM;2025-02;nao;;4;0;0;6462.23;0.0;2942.37;0.0;0.0;;0.0
Vitória;ES;BEM;2025-03;nao;;8;0;0;450171.54;0.0;13542.16;0.0;0.0;;0.0
Vitória;ES;BEM;2025-04;nao;;3;0;0;5431.01;0.0;1499.1;0.0;0.0;;0.0
Vitória;ES;BEM;2025-05;nao;;5;0;0;14065.0;0.0;6425.5;0.0;;;0.0
Vitória;ES;BEM;2025-06;nao;;1;0;0;7683.12;0.0;0.0;;0.0;;0.0
Vitória;ES;BEM;2025-07;nao;;2;0;0;6006.41;0.0;1493.27;0.0;;;0.0
Vitória;ES;BEM;2025-08;nao;;8;0;0;37873.25;0.0;12970.6;0.0;0.0;;0.0
Vitória;ES;BEM;2025-09;nao;;5;0;0;19897.01;0.0;4335.64;0.0;;;0.0
Vitória;ES;BEM;2025-10;nao;;2;0;0;19143.79;0.0;299.1;0.0;;;0.0
Vitória;ES;BEM;2025-11;nao;;7;0;0;10891.43;0.0;9908.77;0.0;;;0.0
Vitória;ES;BEM;2025-12;nao;;10;0;0;22603.25;0.0;13156.98;0.0;0.0;;0.0
Vitória;ES;BEM;2026-01;nao;;4;0;0;6393.04;0.0;3198.2;0.0;0.0;;0.0
Vitória;ES;BEM;2026-02;nao;;6;0;0;18808.0;0.0;8849.67;0.0;;;0.0
Vitória;ES;BEM;2026-03;nao;;1;0;0;0.0;0.0;1493.27;0.0;;;0.0
Vitória;ES;BEM;2026-04;nao;;4;0;0;18021.45;0.0;5992.37;0.0;0.0;;0.0
Vitória;ES;BEM;2026-05;nao;;6;0;0;20345.75;0.0;7250.57;0.0;0.0;;0.0
Vitória;ES;BEM;2026-06;nao;;4;0;0;11289.75;0.0;4957.3;0.0;0.0;;0.0
Vitória;ES;BEM;2026-07;nao;;3;0;0;11861.0;0.0;3492.36;0.0;;;0.0
Saquarema;RJ;SAQUA PET;2024-01;SIM;moeda social;130;1;1;607335.35;401.0;266954.48;0.15;1.0;1.0;0.001502128752437494
Saquarema;RJ;SAQUA PET;2024-02;SIM;moeda social;132;1;0;572941.92;0.0;211448.82;0.0;;0.0;0.0
Saquarema;RJ;SAQUA PET;2024-03;SIM;moeda social;133;0;0;617504.79;0.0;257341.13;0.0;;;0.0
Saquarema;RJ;SAQUA PET;2024-04;SIM;moeda social;135;2;2;636549.41;1250.0;266870.59;0.47;1.0;1.0;0.004683918149242298
Saquarema;RJ;SAQUA PET;2024-05;SIM;moeda social;130;0;0;2158573.7;0.0;386544.7;0.0;;;0.0
Saquarema;RJ;SAQUA PET;2024-06;SIM;moeda social;135;1;1;660032.13;350.0;306968.62;0.11;1.0;1.0;0.0011401816902327018
Saquarema;RJ;SAQUA PET;2024-07;SIM;moeda social;133;0;0;638438.63;0.0;274251.81;0.0;;;0.0
Saquarema;RJ;SAQUA PET;2024-08;SIM;moeda social;127;1;1;636701.36;17507.0;325946.25;5.1;1.0;1.0;0.05371130976349628
Saquarema;RJ;SAQUA PET;2024-09;SIM;moeda social;125;0;2;642578.04;198.89;288419.51;0.07;1.0;;0.0006895858050656835
Saquarema;RJ;SAQUA PET;2024-10;SIM;moeda social;132;1;1;658298.65;864.51;300676.15;0.29;1.0;1.0;0.002875219733923026
Saquarema;RJ;SAQUA PET;2024-11;SIM;moeda social;127;0;0;617931.54;0.0;327361.2;0.0;;;0.0
Saquarema;RJ;SAQUA PET;2024-12;SIM;moeda social;122;0;0;617146.71;0.0;273128.68;0.0;;;0.0
Saquarema;RJ;SAQUA PET;2025-01;SIM;moeda social;124;0;0;624217.28;0.0;284744.42;0.0;;;0.0
Saquarema;RJ;SAQUA PET;2025-02;SIM;moeda social;123;0;0;652345.51;0.0;300665.42;0.0;;;0.0
Saquarema;RJ;SAQUA PET;2025-03;SIM;moeda social;125;1;0;648422.53;0.0;299574.17;0.0;;0.0;0.0
Saquarema;RJ;SAQUA PET;2025-04;SIM;moeda social;126;0;1;619928.6;14241.0;305519.82;4.45;1.0;;0.046612360533598116
Saquarema;RJ;SAQUA PET;2025-05;SIM;moeda social;126;0;0;681859.68;0.0;349121.39;0.0;;;0.0
Saquarema;RJ;SAQUA PET;2025-06;SIM;moeda social;125;0;0;633431.32;0.0;296055.67;0.0;;;0.0
Saquarema;RJ;SAQUA PET;2025-07;SIM;moeda social;118;0;0;623174.04;0.0;296549.09;0.0;;;0.0
Saquarema;RJ;SAQUA PET;2025-08;SIM;moeda social;123;0;0;624856.21;0.0;286795.33;0.0;;;0.0
Saquarema;RJ;SAQUA PET;2025-09;SIM;moeda social;122;0;0;651197.35;0.0;319591.29;0.0;;;0.0
Saquarema;RJ;SAQUA PET;2025-10;SIM;moeda social;124;0;0;644199.53;0.0;301977.54;0.0;;;0.0
Saquarema;RJ;SAQUA PET;2025-11;SIM;moeda social;126;0;0;647165.22;0.0;302836.19;0.0;;;0.0
Saquarema;RJ;SAQUA PET;2025-12;SIM;moeda social;122;0;0;639487.0;0.0;311844.64;0.0;;;0.0
Saquarema;RJ;SAQUA PET;2026-01;SIM;moeda social;125;2;1;651112.01;6026.7;307990.36;1.92;1.0;0.5;0.019567820239568542
Saquarema;RJ;SAQUA PET;2026-02;SIM;moeda social;120;0;0;640765.94;0.0;325947.98;0.0;;;0.0
Saquarema;RJ;SAQUA PET;2026-03;SIM;moeda social;121;0;0;630512.41;0.0;301677.32;0.0;;;0.0
Saquarema;RJ;SAQUA PET;2026-04;SIM;moeda social;117;0;0;593113.6;0.0;285947.13;0.0;;;0.0
Saquarema;RJ;SAQUA PET;2026-05;SIM;moeda social;115;0;0;590042.61;0.0;282081.71;0.0;;;0.0
Saquarema;RJ;SAQUA PET;2026-06;SIM;moeda social;117;0;0;612321.77;0.0;321935.12;0.0;;;0.0
Saquarema;RJ;SAQUA PET;2026-07;SIM;moeda social;111;0;0;9099208.95;0.0;275521.43;0.0;;;0.0
Cabo Frio;RJ;ITAJURU 6;2024-01;nao;;251;0;1;168939.72;108.6;104924.35;0.1;1.0;;0.0010350314297872707
Cabo Frio;RJ;ITAJURU 6;2024-02;nao;;528;0;1;270466.34;5751.92;102616.76;5.31;1.0;;0.056052442115693366
Cabo Frio;RJ;ITAJURU 6;2024-03;nao;;497;0;0;153785.69;0.0;106375.8;0.0;;;0.0
Cabo Frio;RJ;ITAJURU 6;2024-04;nao;;522;0;1;383343.41;71.43;104904.92;0.07;1.0;;0.000680902287519022
Cabo Frio;RJ;ITAJURU 6;2024-05;nao;;525;0;0;363347.78;0.0;136735.26;0.0;;;0.0
Cabo Frio;RJ;ITAJURU 6;2024-06;nao;;398;0;0;87880.71;0.0;95731.68;0.0;;;0.0
Cabo Frio;RJ;ITAJURU 6;2024-07;nao;;522;0;0;433067.59;0.0;88145.25;0.0;;;0.0
Cabo Frio;RJ;ITAJURU 6;2024-08;nao;;400;0;1;109999.86;34.88;123139.49;0.03;1.0;;0.00028325600503948815
Cabo Frio;RJ;ITAJURU 6;2024-09;nao;;525;0;0;268519.13;0.0;102111.5;0.0;;;0.0
Cabo Frio;RJ;ITAJURU 6;2024-10;nao;;47;0;0;9784.36;0.0;17190.69;0.0;;;0.0
Cabo Frio;RJ;ITAJURU 6;2024-11;nao;;4;0;0;118.83;0.0;138.33;0.0;;;0.0
Cabo Frio;RJ;ITAJURU 6;2024-12;nao;;1;0;0;0.0;0.0;152.03;0.0;;;0.0
Cabo Frio;RJ;ITAJURU 6;2025-08;nao;;2;0;0;0.0;0.0;83.15;0.0;;;0.0
Cabo Frio;RJ;ITAJURU 4;2024-01;nao;;226;0;0;152234.53;0.0;224522.54;0.0;;;0.0
Cabo Frio;RJ;ITAJURU 4;2024-02;nao;;505;0;0;300171.89;0.0;54845.02;0.0;;;0.0
Cabo Frio;RJ;ITAJURU 4;2024-03;nao;;483;0;0;173947.41;0.0;85391.27;0.0;;;0.0
Cabo Frio;RJ;ITAJURU 4;2024-04;nao;;515;0;0;410996.67;0.0;59124.28;0.0;;;0.0
Cabo Frio;RJ;ITAJURU 4;2024-05;nao;;520;0;0;364602.2;0.0;101022.26;0.0;;;0.0
Cabo Frio;RJ;ITAJURU 4;2024-06;nao;;363;0;0;108348.49;0.0;159266.96;0.0;;;0.0
Cabo Frio;RJ;ITAJURU 4;2024-07;nao;;519;0;0;464264.74;0.0;69807.06;0.0;;;0.0
Cabo Frio;RJ;ITAJURU 4;2024-08;nao;;373;0;0;121240.62;0.0;159347.73;0.0;;;0.0
Cabo Frio;RJ;ITAJURU 4;2024-09;nao;;518;0;0;296711.56;0.0;175460.42;0.0;;;0.0
Cabo Frio;RJ;ITAJURU 4;2024-10;nao;;47;0;0;3362.15;0.0;10396.46;0.0;;;0.0
Cabo Frio;RJ;ITAJURU 4;2024-11;nao;;3;0;0;1022.84;0.0;116.75;0.0;;;0.0
Cabo Frio;RJ;ITAJURU 4;2025-10;nao;;591;0;0;45040.08;0.0;0.0;;;;
Cabo Frio;RJ;ITAJURU 3;2024-01;nao;;236;0;0;180692.58;0.0;84477.81;0.0;;;0.0
Cabo Frio;RJ;ITAJURU 3;2024-02;nao;;500;0;0;313835.93;0.0;98004.42;0.0;;;0.0
Cabo Frio;RJ;ITAJURU 3;2024-03;nao;;492;0;0;169749.85;0.0;96833.87;0.0;;;0.0
Cabo Frio;RJ;ITAJURU 3;2024-04;nao;;510;0;1;421836.61;1.0;113786.57;0.0;1.0;;8.788383374241793e-06
Cabo Frio;RJ;ITAJURU 3;2024-05;nao;;506;0;0;385728.43;0.0;149080.76;0.0;;;0.0
Cabo Frio;RJ;ITAJURU 3;2024-06;nao;;362;0;0;96089.92;0.0;64677.68;0.0;;;0.0
Cabo Frio;RJ;ITAJURU 3;2024-07;nao;;510;0;0;498834.67;0.0;163017.29;0.0;;;0.0
Cabo Frio;RJ;ITAJURU 3;2024-08;nao;;399;0;0;98858.72;0.0;76308.99;0.0;;;0.0
Cabo Frio;RJ;ITAJURU 3;2024-09;nao;;503;0;0;299104.83;0.0;93418.64;0.0;;;0.0
Cabo Frio;RJ;ITAJURU 3;2024-10;nao;;38;0;0;4754.62;0.0;17455.92;0.0;;;0.0
Cabo Frio;RJ;ITAJURU 3;2024-11;nao;;1;0;0;0.0;0.0;446.27;0.0;;;0.0
Cabo Frio;RJ;ITAJURU 3;2025-10;nao;;442;0;0;21532.55;0.0;0.0;;;;
Maricá;RJ;FUNDINHO;2024-03;SIM;moeda social;0;0;0;0.5;0.0;0.0;;;;
Cabo Frio;RJ;ITAJURU 5;2024-01;nao;;253;0;0;146092.91;0.0;145966.49;0.0;;;0.0
Cabo Frio;RJ;ITAJURU 5;2024-02;nao;;498;0;0;232063.07;0.0;128515.88;0.0;;;0.0
Cabo Frio;RJ;ITAJURU 5;2024-03;nao;;478;0;0;102302.03;0.0;100887.83;0.0;;;0.0
Cabo Frio;RJ;ITAJURU 5;2024-04;nao;;502;0;0;339061.27;0.0;114575.5;0.0;;;0.0
Cabo Frio;RJ;ITAJURU 5;2024-05;nao;;495;0;0;267932.66;0.0;117411.45;0.0;;;0.0
Cabo Frio;RJ;ITAJURU 5;2024-06;nao;;338;0;0;53582.29;0.0;94834.86;0.0;;;0.0
Cabo Frio;RJ;ITAJURU 5;2024-07;nao;;504;0;0;392991.72;0.0;93349.19;0.0;;;0.0
Cabo Frio;RJ;ITAJURU 5;2024-08;nao;;358;0;0;57964.92;0.0;77525.52;0.0;;;0.0
Cabo Frio;RJ;ITAJURU 5;2024-09;nao;;501;0;0;261949.97;0.0;141809.52;0.0;;;0.0
Cabo Frio;RJ;ITAJURU 5;2024-10;nao;;57;0;0;8183.68;0.0;8497.98;0.0;;;0.0
Cabo Frio;RJ;ITAJURU 5;2024-11;nao;;5;0;0;454.37;0.0;242.88;0.0;;;0.0
Cabo Frio;RJ;ITAJURU 5;2024-12;nao;;2;0;0;92.46;0.0;0.0;;;;
Cabo Frio;RJ;ITAJURU 5;2025-10;nao;;1949;0;0;345464.78;0.0;0.0;;;;
Maricá;RJ;ITAJURU 2;2024-01;SIM;moeda social;265;0;1;150666.4;15.0;152346.2;0.01;1.0;;9.845995502349254e-05
Maricá;RJ;ITAJURU 2;2024-02;SIM;moeda social;507;0;0;263753.83;0.0;90537.5;0.0;;;0.0
Maricá;RJ;ITAJURU 2;2024-03;SIM;moeda social;484;0;0;131250.25;0.0;109725.42;0.0;;;0.0
Maricá;RJ;ITAJURU 2;2024-04;SIM;moeda social;513;0;0;380461.83;0.0;78739.61;0.0;;;0.0
Maricá;RJ;ITAJURU 2;2024-05;SIM;moeda social;513;0;0;308019.45;0.0;131227.38;0.0;;;0.0
Maricá;RJ;ITAJURU 2;2024-06;SIM;moeda social;383;0;0;96879.28;0.0;83844.57;0.0;;;0.0
Maricá;RJ;ITAJURU 2;2024-07;SIM;moeda social;520;0;0;444521.76;0.0;139876.81;0.0;;;0.0
Maricá;RJ;ITAJURU 2;2024-08;SIM;moeda social;386;0;0;85857.7;0.0;110640.12;0.0;;;0.0
Maricá;RJ;ITAJURU 2;2024-09;SIM;moeda social;514;0;0;264061.61;0.0;88100.22;0.0;;;0.0
Maricá;RJ;ITAJURU 2;2024-10;SIM;moeda social;37;0;0;5077.99;0.0;41104.43;0.0;;;0.0
Maricá;RJ;ITAJURU 2;2024-11;SIM;moeda social;1;0;0;222.2;0.0;0.0;;;;
Maricá;RJ;ITAJURU 2;2025-10;SIM;moeda social;453;0;0;24390.53;0.0;0.0;;;;
Nossa Senhora do Socorro;SE;SOCORRENSE;2024-01;nao;;122;0;37;17413.31;9717.99;12025.71;44.69;1.0;;0.808101143300479
Nossa Senhora do Socorro;SE;SOCORRENSE;2024-02;nao;;109;0;1;96573.41;47.91;12087.77;0.39;1.0;;0.003963510225624743
Nossa Senhora do Socorro;SE;SOCORRENSE;2024-03;nao;;211;0;0;69626.02;0.0;27723.5;0.0;;;0.0
Nossa Senhora do Socorro;SE;SOCORRENSE;2024-04;nao;;266;0;1;63969.01;192.7;36381.78;0.53;1.0;;0.005296607257808717
Nossa Senhora do Socorro;SE;SOCORRENSE;2024-05;nao;;175;0;0;140884.21;0.0;15759.58;0.0;;;0.0
Nossa Senhora do Socorro;SE;SOCORRENSE;2024-06;nao;;161;0;0;41453.63;0.0;28330.2;0.0;;;0.0
Nossa Senhora do Socorro;SE;SOCORRENSE;2024-07;nao;;491;0;1;148845.9;20.0;56392.56;0.04;1.0;;0.00035465671358065676
Nossa Senhora do Socorro;SE;SOCORRENSE;2024-08;nao;;111;0;0;19157.84;0.0;21007.07;0.0;;;0.0
Nossa Senhora do Socorro;SE;SOCORRENSE;2024-09;nao;;427;0;0;183369.21;0.0;40909.14;0.0;;;0.0
Nossa Senhora do Socorro;SE;SOCORRENSE;2024-10;nao;;547;0;0;98255.21;0.0;70407.68;0.0;;;0.0
Nossa Senhora do Socorro;SE;SOCORRENSE;2024-11;nao;;106;0;0;35170.69;0.0;20322.66;0.0;;;0.0
Nossa Senhora do Socorro;SE;SOCORRENSE;2024-12;nao;;31;0;0;3456.49;0.0;24552.93;0.0;;;0.0
Nossa Senhora do Socorro;SE;SOCORRENSE;2025-01;nao;;891;0;0;42256.48;0.0;6788.44;0.0;;;0.0
Nossa Senhora do Socorro;SE;SOCORRENSE;2025-02;nao;;15;0;0;1183.22;0.0;852.3;0.0;;;0.0
Nossa Senhora do Socorro;SE;SOCORRENSE;2025-03;nao;;4;0;0;96.55;0.0;1043.84;0.0;;;0.0
Nossa Senhora do Socorro;SE;SOCORRENSE;2025-04;nao;;1;0;0;0.0;0.0;107.99;0.0;;;0.0
Nossa Senhora do Socorro;SE;SOCORRENSE;2025-07;nao;;1;0;0;0.0;0.0;48.42;0.0;;;0.0
Nossa Senhora do Socorro;SE;SOCORRENSE;2025-08;nao;;1;0;0;322.99;0.0;0.0;;;;
Nossa Senhora do Socorro;SE;SOCORRENSE;2025-09;nao;;1;0;0;0.0;0.0;146.05;0.0;;;0.0
